Week,Vaccinations
2021-01-02,2943525.0
2021-01-09,2071875.0
2021-01-16,2643225.0
2021-01-30,2084550.0
2021-02-06,2149875.0
2021-02-13,2149875.0
2021-02-20,2165475.0
2021-02-27,2149875.0
2021-03-06,2149875.0
2021-03-13,3400020.0
2021-03-20,6786830.0
2021-03-27,4262310.0
2021-04-03,5026280.0
2021-04-10,5007890.0
2021-04-17,7611440.0
